metric,cohort,bin_low,bin_high,count
bmi,2026_전국,18.5,19.0,3068
bmi,2026_전국,19.0,19.5,3639
bmi,2026_전국,19.5,20.0,4063
bmi,2026_전국,20.0,20.5,4599
bmi,2026_전국,20.5,21.0,4939
bmi,2026_전국,21.0,21.5,5199
bmi,2026_전국,21.5,22.0,5660
bmi,2026_전국,22.0,22.5,5652
bmi,2026_전국,22.5,23.0,5693
bmi,2026_전국,23.0,23.5,5446
bmi,2026_전국,23.5,24.0,5070
bmi,2026_전국,24.0,24.5,4749
bmi,2026_전국,24.5,25.0,4558
bmi,2026_전국,25.0,25.5,3883
bmi,2026_전국,25.5,26.0,3641
bmi,2026_전국,26.0,26.5,3118
bmi,2026_전국,26.5,27.0,2983
bmi,2026_전국,27.0,27.5,2534
bmi,2026_전국,27.5,28.0,2277
bmi,2026_전국,28.0,28.5,1997
bmi,2026_전국,28.5,29.0,1861
bmi,2026_전국,29.0,29.5,1599
bmi,2026_전국,29.5,30.0,1433
bmi,2026_전국,30.0,30.5,1331
bmi,2026_전국,30.5,31.0,1202
bmi,2026_전국,31.0,31.5,1127
bmi,2026_전국,31.5,32.0,992
bmi,2026_전국,32.0,32.5,889
bmi,2026_전국,32.5,33.0,740
bmi,2026_전국,33.0,33.5,719
bmi,2026_전국,33.5,34.0,615
bmi,2026_전국,34.0,34.5,568
bmi,2026_전국,34.5,35.0,516
height,2026_전국,135.0,136.0,1
height,2026_전국,136.0,137.0,0
height,2026_전국,137.0,138.0,0
height,2026_전국,138.0,139.0,0
height,2026_전국,139.0,140.0,0
height,2026_전국,140.0,141.0,0
height,2026_전국,141.0,142.0,0
height,2026_전국,142.0,143.0,0
height,2026_전국,143.0,144.0,0
height,2026_전국,144.0,145.0,1
height,2026_전국,145.0,146.0,1
height,2026_전국,146.0,147.0,1
height,2026_전국,147.0,148.0,0
height,2026_전국,148.0,149.0,3
height,2026_전국,149.0,150.0,1
height,2026_전국,150.0,151.0,4
height,2026_전국,151.0,152.0,7
height,2026_전국,152.0,153.0,7
height,2026_전국,153.0,154.0,13
height,2026_전국,154.0,155.0,17
height,2026_전국,155.0,156.0,33
height,2026_전국,156.0,157.0,67
height,2026_전국,157.0,158.0,89
height,2026_전국,158.0,159.0,152
height,2026_전국,159.0,160.0,215
height,2026_전국,160.0,161.0,337
height,2026_전국,161.0,162.0,508
height,2026_전국,162.0,163.0,748
height,2026_전국,163.0,164.0,1021
height,2026_전국,164.0,165.0,1467
height,2026_전국,165.0,166.0,1949
height,2026_전국,166.0,167.0,2628
height,2026_전국,167.0,168.0,3299
height,2026_전국,168.0,169.0,3973
height,2026_전국,169.0,170.0,4685
height,2026_전국,170.0,171.0,5697
height,2026_전국,171.0,172.0,6088
height,2026_전국,172.0,173.0,6433
height,2026_전국,173.0,174.0,6723
height,2026_전국,174.0,175.0,6715
height,2026_전국,175.0,176.0,6386
height,2026_전국,176.0,177.0,6074
height,2026_전국,177.0,178.0,5693
height,2026_전국,178.0,179.0,5044
height,2026_전국,179.0,180.0,4306
height,2026_전국,180.0,181.0,3797
height,2026_전국,181.0,182.0,3052
height,2026_전국,182.0,183.0,2389
height,2026_전국,183.0,184.0,1818
height,2026_전국,184.0,185.0,1439
height,2026_전국,185.0,186.0,1094
height,2026_전국,186.0,187.0,766
height,2026_전국,187.0,188.0,551
height,2026_전국,188.0,189.0,369
height,2026_전국,189.0,190.0,266
height,2026_전국,190.0,191.0,140
height,2026_전국,191.0,192.0,108
height,2026_전국,192.0,193.0,74
height,2026_전국,193.0,194.0,42
height,2026_전국,194.0,195.0,23
height,2026_전국,195.0,196.0,16
height,2026_전국,196.0,197.0,14
height,2026_전국,197.0,198.0,7
height,2026_전국,198.0,199.0,3
height,2026_전국,199.0,200.0,2
height,2026_전국,200.0,201.0,1
height,2026_전국,201.0,202.0,2
height,2026_전국,202.0,203.0,0
height,2026_전국,203.0,204.0,0
height,2026_전국,204.0,205.0,0
height,2026_전국,205.0,206.0,0
height,2026_전국,206.0,207.0,0
height,2026_전국,207.0,208.0,1
weight,2026_전국,42.0,44.0,1
weight,2026_전국,44.0,46.0,12
weight,2026_전국,46.0,48.0,47
weight,2026_전국,48.0,50.0,154
weight,2026_전국,50.0,52.0,440
weight,2026_전국,52.0,54.0,1098
weight,2026_전국,54.0,56.0,2085
weight,2026_전국,56.0,58.0,3229
weight,2026_전국,58.0,60.0,4420
weight,2026_전국,60.0,62.0,5614
weight,2026_전국,62.0,64.0,6075
weight,2026_전국,64.0,66.0,6550
weight,2026_전국,66.0,68.0,6739
weight,2026_전국,68.0,70.0,6551
weight,2026_전국,70.0,72.0,6404
weight,2026_전국,72.0,74.0,6061
weight,2026_전국,74.0,76.0,5460
weight,2026_전국,76.0,78.0,4871
weight,2026_전국,78.0,80.0,4363
weight,2026_전국,80.0,82.0,3743
weight,2026_전국,82.0,84.0,3357
weight,2026_전국,84.0,86.0,2920
weight,2026_전국,86.0,88.0,2541
weight,2026_전국,88.0,90.0,2192
weight,2026_전국,90.0,92.0,1938
weight,2026_전국,92.0,94.0,1656
weight,2026_전국,94.0,96.0,1450
weight,2026_전국,96.0,98.0,1305
weight,2026_전국,98.0,100.0,1090
weight,2026_전국,100.0,102.0,915
weight,2026_전국,102.0,104.0,786
weight,2026_전국,104.0,106.0,604
weight,2026_전국,106.0,108.0,487
weight,2026_전국,108.0,110.0,398
weight,2026_전국,110.0,112.0,270
weight,2026_전국,112.0,114.0,197
weight,2026_전국,114.0,116.0,134
weight,2026_전국,116.0,118.0,94
weight,2026_전국,118.0,120.0,51
weight,2026_전국,120.0,122.0,30
weight,2026_전국,122.0,124.0,15
weight,2026_전국,124.0,126.0,8
weight,2026_전국,126.0,128.0,4
weight,2026_전국,128.0,130.0,1
bmi,2026_강원,18.5,19.0,97
bmi,2026_강원,19.0,19.5,93
bmi,2026_강원,19.5,20.0,112
bmi,2026_강원,20.0,20.5,140
bmi,2026_강원,20.5,21.0,164
bmi,2026_강원,21.0,21.5,160
bmi,2026_강원,21.5,22.0,164
bmi,2026_강원,22.0,22.5,158
bmi,2026_강원,22.5,23.0,181
bmi,2026_강원,23.0,23.5,152
bmi,2026_강원,23.5,24.0,170
bmi,2026_강원,24.0,24.5,123
bmi,2026_강원,24.5,25.0,121
bmi,2026_강원,25.0,25.5,118
bmi,2026_강원,25.5,26.0,120
bmi,2026_강원,26.0,26.5,82
bmi,2026_강원,26.5,27.0,89
bmi,2026_강원,27.0,27.5,72
bmi,2026_강원,27.5,28.0,61
bmi,2026_강원,28.0,28.5,54
bmi,2026_강원,28.5,29.0,56
bmi,2026_강원,29.0,29.5,50
bmi,2026_강원,29.5,30.0,41
bmi,2026_강원,30.0,30.5,35
bmi,2026_강원,30.5,31.0,39
bmi,2026_강원,31.0,31.5,36
bmi,2026_강원,31.5,32.0,31
bmi,2026_강원,32.0,32.5,32
bmi,2026_강원,32.5,33.0,24
bmi,2026_강원,33.0,33.5,22
bmi,2026_강원,33.5,34.0,19
bmi,2026_강원,34.0,34.5,20
bmi,2026_강원,34.5,35.0,18
height,2026_강원,145.0,146.0,1
height,2026_강원,146.0,147.0,0
height,2026_강원,147.0,148.0,0
height,2026_강원,148.0,149.0,0
height,2026_강원,149.0,150.0,0
height,2026_강원,150.0,151.0,0
height,2026_강원,151.0,152.0,0
height,2026_강원,152.0,153.0,2
height,2026_강원,153.0,154.0,1
height,2026_강원,154.0,155.0,0
height,2026_강원,155.0,156.0,0
height,2026_강원,156.0,157.0,4
height,2026_강원,157.0,158.0,6
height,2026_강원,158.0,159.0,5
height,2026_강원,159.0,160.0,2
height,2026_강원,160.0,161.0,13
height,2026_강원,161.0,162.0,15
height,2026_강원,162.0,163.0,21
height,2026_강원,163.0,164.0,33
height,2026_강원,164.0,165.0,51
height,2026_강원,165.0,166.0,47
height,2026_강원,166.0,167.0,83
height,2026_강원,167.0,168.0,85
height,2026_강원,168.0,169.0,116
height,2026_강원,169.0,170.0,142
height,2026_강원,170.0,171.0,187
height,2026_강원,171.0,172.0,181
height,2026_강원,172.0,173.0,180
height,2026_강원,173.0,174.0,188
height,2026_강원,174.0,175.0,210
height,2026_강원,175.0,176.0,184
height,2026_강원,176.0,177.0,189
height,2026_강원,177.0,178.0,172
height,2026_강원,178.0,179.0,136
height,2026_강원,179.0,180.0,129
height,2026_강원,180.0,181.0,102
height,2026_강원,181.0,182.0,94
height,2026_강원,182.0,183.0,53
height,2026_강원,183.0,184.0,57
height,2026_강원,184.0,185.0,53
height,2026_강원,185.0,186.0,32
height,2026_강원,186.0,187.0,26
height,2026_강원,187.0,188.0,15
height,2026_강원,188.0,189.0,15
height,2026_강원,189.0,190.0,4
height,2026_강원,190.0,191.0,9
height,2026_강원,191.0,192.0,4
height,2026_강원,192.0,193.0,3
height,2026_강원,193.0,194.0,1
height,2026_강원,194.0,195.0,1
height,2026_강원,195.0,196.0,0
height,2026_강원,196.0,197.0,0
height,2026_강원,197.0,198.0,2
weight,2026_강원,44.0,46.0,1
weight,2026_강원,46.0,48.0,2
weight,2026_강원,48.0,50.0,3
weight,2026_강원,50.0,52.0,16
weight,2026_강원,52.0,54.0,43
weight,2026_강원,54.0,56.0,47
weight,2026_강원,56.0,58.0,90
weight,2026_강원,58.0,60.0,126
weight,2026_강원,60.0,62.0,169
weight,2026_강원,62.0,64.0,191
weight,2026_강원,64.0,66.0,198
weight,2026_강원,66.0,68.0,208
weight,2026_강원,68.0,70.0,192
weight,2026_강원,70.0,72.0,188
weight,2026_강원,72.0,74.0,162
weight,2026_강원,74.0,76.0,155
weight,2026_강원,76.0,78.0,147
weight,2026_강원,78.0,80.0,145
weight,2026_강원,80.0,82.0,103
weight,2026_강원,82.0,84.0,99
weight,2026_강원,84.0,86.0,80
weight,2026_강원,86.0,88.0,72
weight,2026_강원,88.0,90.0,61
weight,2026_강원,90.0,92.0,53
weight,2026_강원,92.0,94.0,52
weight,2026_강원,94.0,96.0,53
weight,2026_강원,96.0,98.0,39
weight,2026_강원,98.0,100.0,33
weight,2026_강원,100.0,102.0,34
weight,2026_강원,102.0,104.0,28
weight,2026_강원,104.0,106.0,15
weight,2026_강원,106.0,108.0,11
weight,2026_강원,108.0,110.0,11
weight,2026_강원,110.0,112.0,7
weight,2026_강원,112.0,114.0,6
weight,2026_강원,114.0,116.0,5
weight,2026_강원,116.0,118.0,4
weight,2026_강원,118.0,120.0,5
bmi,2026_강원영동,18.5,19.0,7
bmi,2026_강원영동,19.0,19.5,12
bmi,2026_강원영동,19.5,20.0,13
bmi,2026_강원영동,20.0,20.5,17
bmi,2026_강원영동,20.5,21.0,17
bmi,2026_강원영동,21.0,21.5,12
bmi,2026_강원영동,21.5,22.0,27
bmi,2026_강원영동,22.0,22.5,28
bmi,2026_강원영동,22.5,23.0,19
bmi,2026_강원영동,23.0,23.5,15
bmi,2026_강원영동,23.5,24.0,16
bmi,2026_강원영동,24.0,24.5,14
bmi,2026_강원영동,24.5,25.0,19
bmi,2026_강원영동,25.0,25.5,14
bmi,2026_강원영동,25.5,26.0,20
bmi,2026_강원영동,26.0,26.5,12
bmi,2026_강원영동,26.5,27.0,13
bmi,2026_강원영동,27.0,27.5,8
bmi,2026_강원영동,27.5,28.0,9
bmi,2026_강원영동,28.0,28.5,11
bmi,2026_강원영동,28.5,29.0,7
bmi,2026_강원영동,29.0,29.5,13
bmi,2026_강원영동,29.5,30.0,10
bmi,2026_강원영동,30.0,30.5,7
bmi,2026_강원영동,30.5,31.0,6
bmi,2026_강원영동,31.0,31.5,8
bmi,2026_강원영동,31.5,32.0,6
bmi,2026_강원영동,32.0,32.5,6
bmi,2026_강원영동,32.5,33.0,2
bmi,2026_강원영동,33.0,33.5,4
bmi,2026_강원영동,33.5,34.0,7
bmi,2026_강원영동,34.0,34.5,1
bmi,2026_강원영동,34.5,35.0,2
height,2026_강원영동,157.0,158.0,1
height,2026_강원영동,158.0,159.0,0
height,2026_강원영동,159.0,160.0,1
height,2026_강원영동,160.0,161.0,1
height,2026_강원영동,161.0,162.0,4
height,2026_강원영동,162.0,163.0,5
height,2026_강원영동,163.0,164.0,7
height,2026_강원영동,164.0,165.0,5
height,2026_강원영동,165.0,166.0,12
height,2026_강원영동,166.0,167.0,8
height,2026_강원영동,167.0,168.0,11
height,2026_강원영동,168.0,169.0,9
height,2026_강원영동,169.0,170.0,22
height,2026_강원영동,170.0,171.0,24
height,2026_강원영동,171.0,172.0,24
height,2026_강원영동,172.0,173.0,22
height,2026_강원영동,173.0,174.0,26
height,2026_강원영동,174.0,175.0,26
height,2026_강원영동,175.0,176.0,30
height,2026_강원영동,176.0,177.0,28
height,2026_강원영동,177.0,178.0,17
height,2026_강원영동,178.0,179.0,15
height,2026_강원영동,179.0,180.0,11
height,2026_강원영동,180.0,181.0,16
height,2026_강원영동,181.0,182.0,10
height,2026_강원영동,182.0,183.0,18
height,2026_강원영동,183.0,184.0,7
height,2026_강원영동,184.0,185.0,7
height,2026_강원영동,185.0,186.0,6
height,2026_강원영동,186.0,187.0,3
height,2026_강원영동,187.0,188.0,2
height,2026_강원영동,188.0,189.0,2
height,2026_강원영동,189.0,190.0,1
height,2026_강원영동,190.0,191.0,1
weight,2026_강원영동,46.0,48.0,1
weight,2026_강원영동,48.0,50.0,0
weight,2026_강원영동,50.0,52.0,3
weight,2026_강원영동,52.0,54.0,3
weight,2026_강원영동,54.0,56.0,7
weight,2026_강원영동,56.0,58.0,9
weight,2026_강원영동,58.0,60.0,14
weight,2026_강원영동,60.0,62.0,19
weight,2026_강원영동,62.0,64.0,16
weight,2026_강원영동,64.0,66.0,28
weight,2026_강원영동,66.0,68.0,30
weight,2026_강원영동,68.0,70.0,25
weight,2026_강원영동,70.0,72.0,24
weight,2026_강원영동,72.0,74.0,20
weight,2026_강원영동,74.0,76.0,21
weight,2026_강원영동,76.0,78.0,13
weight,2026_강원영동,78.0,80.0,18
weight,2026_강원영동,80.0,82.0,15
weight,2026_강원영동,82.0,84.0,12
weight,2026_강원영동,84.0,86.0,17
weight,2026_강원영동,86.0,88.0,6
weight,2026_강원영동,88.0,90.0,12
weight,2026_강원영동,90.0,92.0,13
weight,2026_강원영동,92.0,94.0,8
weight,2026_강원영동,94.0,96.0,6
weight,2026_강원영동,96.0,98.0,10
weight,2026_강원영동,98.0,100.0,5
weight,2026_강원영동,100.0,102.0,7
weight,2026_강원영동,102.0,104.0,8
weight,2026_강원영동,104.0,106.0,4
weight,2026_강원영동,106.0,108.0,5
weight,2026_강원영동,108.0,110.0,1
weight,2026_강원영동,110.0,112.0,0
weight,2026_강원영동,112.0,114.0,1
weight,2026_강원영동,114.0,116.0,0
weight,2026_강원영동,116.0,118.0,1
bmi,2026_경기북부,18.5,19.0,203
bmi,2026_경기북부,19.0,19.5,199
bmi,2026_경기북부,19.5,20.0,223
bmi,2026_경기북부,20.0,20.5,250
bmi,2026_경기북부,20.5,21.0,296
bmi,2026_경기북부,21.0,21.5,291
bmi,2026_경기북부,21.5,22.0,301
bmi,2026_경기북부,22.0,22.5,304
bmi,2026_경기북부,22.5,23.0,349
bmi,2026_경기북부,23.0,23.5,295
bmi,2026_경기북부,23.5,24.0,270
bmi,2026_경기북부,24.0,24.5,265
bmi,2026_경기북부,24.5,25.0,234
bmi,2026_경기북부,25.0,25.5,203
bmi,2026_경기북부,25.5,26.0,208
bmi,2026_경기북부,26.0,26.5,192
bmi,2026_경기북부,26.5,27.0,160
bmi,2026_경기북부,27.0,27.5,138
bmi,2026_경기북부,27.5,28.0,113
bmi,2026_경기북부,28.0,28.5,117
bmi,2026_경기북부,28.5,29.0,91
bmi,2026_경기북부,29.0,29.5,97
bmi,2026_경기북부,29.5,30.0,70
bmi,2026_경기북부,30.0,30.5,63
bmi,2026_경기북부,30.5,31.0,65
bmi,2026_경기북부,31.0,31.5,63
bmi,2026_경기북부,31.5,32.0,49
bmi,2026_경기북부,32.0,32.5,50
bmi,2026_경기북부,32.5,33.0,39
bmi,2026_경기북부,33.0,33.5,39
bmi,2026_경기북부,33.5,34.0,41
bmi,2026_경기북부,34.0,34.5,35
bmi,2026_경기북부,34.5,35.0,29
height,2026_경기북부,156.0,157.0,2
height,2026_경기북부,157.0,158.0,6
height,2026_경기북부,158.0,159.0,8
height,2026_경기북부,159.0,160.0,14
height,2026_경기북부,160.0,161.0,18
height,2026_경기북부,161.0,162.0,32
height,2026_경기북부,162.0,163.0,24
height,2026_경기북부,163.0,164.0,55
height,2026_경기북부,164.0,165.0,80
height,2026_경기북부,165.0,166.0,110
height,2026_경기북부,166.0,167.0,142
height,2026_경기북부,167.0,168.0,174
height,2026_경기북부,168.0,169.0,211
height,2026_경기북부,169.0,170.0,248
height,2026_경기북부,170.0,171.0,298
height,2026_경기북부,171.0,172.0,313
height,2026_경기북부,172.0,173.0,363
height,2026_경기북부,173.0,174.0,392
height,2026_경기북부,174.0,175.0,378
height,2026_경기북부,175.0,176.0,354
height,2026_경기북부,176.0,177.0,360
height,2026_경기북부,177.0,178.0,311
height,2026_경기북부,178.0,179.0,304
height,2026_경기북부,179.0,180.0,232
height,2026_경기북부,180.0,181.0,221
height,2026_경기북부,181.0,182.0,172
height,2026_경기북부,182.0,183.0,135
height,2026_경기북부,183.0,184.0,89
height,2026_경기북부,184.0,185.0,82
height,2026_경기북부,185.0,186.0,67
height,2026_경기북부,186.0,187.0,46
height,2026_경기북부,187.0,188.0,29
height,2026_경기북부,188.0,189.0,20
height,2026_경기북부,189.0,190.0,12
height,2026_경기북부,190.0,191.0,17
height,2026_경기북부,191.0,192.0,7
height,2026_경기북부,192.0,193.0,4
height,2026_경기북부,193.0,194.0,2
height,2026_경기북부,194.0,195.0,4
height,2026_경기북부,195.0,196.0,1
height,2026_경기북부,196.0,197.0,1
height,2026_경기북부,197.0,198.0,1
height,2026_경기북부,198.0,199.0,0
height,2026_경기북부,199.0,200.0,1
height,2026_경기북부,200.0,201.0,1
height,2026_경기북부,201.0,202.0,1
weight,2026_경기북부,46.0,48.0,2
weight,2026_경기북부,48.0,50.0,10
weight,2026_경기북부,50.0,52.0,26
weight,2026_경기북부,52.0,54.0,76
weight,2026_경기북부,54.0,56.0,114
weight,2026_경기북부,56.0,58.0,166
weight,2026_경기북부,58.0,60.0,255
weight,2026_경기북부,60.0,62.0,328
weight,2026_경기북부,62.0,64.0,308
weight,2026_경기북부,64.0,66.0,367
weight,2026_경기북부,66.0,68.0,367
weight,2026_경기북부,68.0,70.0,363
weight,2026_경기북부,70.0,72.0,370
weight,2026_경기북부,72.0,74.0,350
weight,2026_경기북부,74.0,76.0,274
weight,2026_경기북부,76.0,78.0,268
weight,2026_경기북부,78.0,80.0,253
weight,2026_경기북부,80.0,82.0,217
weight,2026_경기북부,82.0,84.0,175
weight,2026_경기북부,84.0,86.0,150
weight,2026_경기북부,86.0,88.0,141
weight,2026_경기북부,88.0,90.0,124
weight,2026_경기북부,90.0,92.0,98
weight,2026_경기북부,92.0,94.0,96
weight,2026_경기북부,94.0,96.0,74
weight,2026_경기북부,96.0,98.0,70
weight,2026_경기북부,98.0,100.0,69
weight,2026_경기북부,100.0,102.0,43
weight,2026_경기북부,102.0,104.0,53
weight,2026_경기북부,104.0,106.0,42
weight,2026_경기북부,106.0,108.0,30
weight,2026_경기북부,108.0,110.0,21
weight,2026_경기북부,110.0,112.0,14
weight,2026_경기북부,112.0,114.0,13
weight,2026_경기북부,114.0,116.0,7
weight,2026_경기북부,116.0,118.0,4
weight,2026_경기북부,118.0,120.0,2
weight,2026_경기북부,120.0,122.0,2
bmi,2026_경남,18.5,19.0,174
bmi,2026_경남,19.0,19.5,205
bmi,2026_경남,19.5,20.0,267
bmi,2026_경남,20.0,20.5,242
bmi,2026_경남,20.5,21.0,267
bmi,2026_경남,21.0,21.5,292
bmi,2026_경남,21.5,22.0,328
bmi,2026_경남,22.0,22.5,317
bmi,2026_경남,22.5,23.0,336
bmi,2026_경남,23.0,23.5,317
bmi,2026_경남,23.5,24.0,246
bmi,2026_경남,24.0,24.5,279
bmi,2026_경남,24.5,25.0,253
bmi,2026_경남,25.0,25.5,236
bmi,2026_경남,25.5,26.0,236
bmi,2026_경남,26.0,26.5,203
bmi,2026_경남,26.5,27.0,209
bmi,2026_경남,27.0,27.5,137
bmi,2026_경남,27.5,28.0,142
bmi,2026_경남,28.0,28.5,106
bmi,2026_경남,28.5,29.0,91
bmi,2026_경남,29.0,29.5,112
bmi,2026_경남,29.5,30.0,67
bmi,2026_경남,30.0,30.5,79
bmi,2026_경남,30.5,31.0,72
bmi,2026_경남,31.0,31.5,60
bmi,2026_경남,31.5,32.0,63
bmi,2026_경남,32.0,32.5,52
bmi,2026_경남,32.5,33.0,42
bmi,2026_경남,33.0,33.5,35
bmi,2026_경남,33.5,34.0,42
bmi,2026_경남,34.0,34.5,41
bmi,2026_경남,34.5,35.0,40
height,2026_경남,149.0,150.0,1
height,2026_경남,150.0,151.0,0
height,2026_경남,151.0,152.0,0
height,2026_경남,152.0,153.0,0
height,2026_경남,153.0,154.0,0
height,2026_경남,154.0,155.0,4
height,2026_경남,155.0,156.0,4
height,2026_경남,156.0,157.0,4
height,2026_경남,157.0,158.0,4
height,2026_경남,158.0,159.0,11
height,2026_경남,159.0,160.0,14
height,2026_경남,160.0,161.0,25
height,2026_경남,161.0,162.0,27
height,2026_경남,162.0,163.0,50
height,2026_경남,163.0,164.0,70
height,2026_경남,164.0,165.0,95
height,2026_경남,165.0,166.0,116
height,2026_경남,166.0,167.0,162
height,2026_경남,167.0,168.0,226
height,2026_경남,168.0,169.0,230
height,2026_경남,169.0,170.0,274
height,2026_경남,170.0,171.0,295
height,2026_경남,171.0,172.0,337
height,2026_경남,172.0,173.0,375
height,2026_경남,173.0,174.0,374
height,2026_경남,174.0,175.0,420
height,2026_경남,175.0,176.0,390
height,2026_경남,176.0,177.0,346
height,2026_경남,177.0,178.0,298
height,2026_경남,178.0,179.0,316
height,2026_경남,179.0,180.0,229
height,2026_경남,180.0,181.0,215
height,2026_경남,181.0,182.0,171
height,2026_경남,182.0,183.0,135
height,2026_경남,183.0,184.0,92
height,2026_경남,184.0,185.0,83
height,2026_경남,185.0,186.0,60
height,2026_경남,186.0,187.0,40
height,2026_경남,187.0,188.0,30
height,2026_경남,188.0,189.0,29
height,2026_경남,189.0,190.0,15
height,2026_경남,190.0,191.0,12
height,2026_경남,191.0,192.0,5
height,2026_경남,192.0,193.0,3
height,2026_경남,193.0,194.0,1
weight,2026_경남,44.0,46.0,1
weight,2026_경남,46.0,48.0,3
weight,2026_경남,48.0,50.0,13
weight,2026_경남,50.0,52.0,40
weight,2026_경남,52.0,54.0,57
weight,2026_경남,54.0,56.0,116
weight,2026_경남,56.0,58.0,186
weight,2026_경남,58.0,60.0,258
weight,2026_경남,60.0,62.0,332
weight,2026_경남,62.0,64.0,330
weight,2026_경남,64.0,66.0,358
weight,2026_경남,66.0,68.0,391
weight,2026_경남,68.0,70.0,364
weight,2026_경남,70.0,72.0,416
weight,2026_경남,72.0,74.0,328
weight,2026_경남,74.0,76.0,329
weight,2026_경남,76.0,78.0,273
weight,2026_경남,78.0,80.0,265
weight,2026_경남,80.0,82.0,222
weight,2026_경남,82.0,84.0,190
weight,2026_경남,84.0,86.0,175
weight,2026_경남,86.0,88.0,146
weight,2026_경남,88.0,90.0,127
weight,2026_경남,90.0,92.0,108
weight,2026_경남,92.0,94.0,93
weight,2026_경남,94.0,96.0,83
weight,2026_경남,96.0,98.0,75
weight,2026_경남,98.0,100.0,84
weight,2026_경남,100.0,102.0,42
weight,2026_경남,102.0,104.0,53
weight,2026_경남,104.0,106.0,35
weight,2026_경남,106.0,108.0,25
weight,2026_경남,108.0,110.0,20
weight,2026_경남,110.0,112.0,16
weight,2026_경남,112.0,114.0,9
weight,2026_경남,114.0,116.0,6
weight,2026_경남,116.0,118.0,8
weight,2026_경남,118.0,120.0,8
weight,2026_경남,120.0,122.0,1
weight,2026_경남,122.0,124.0,2
bmi,2026_경인,18.5,19.0,559
bmi,2026_경인,19.0,19.5,705
bmi,2026_경인,19.5,20.0,748
bmi,2026_경인,20.0,20.5,871
bmi,2026_경인,20.5,21.0,928
bmi,2026_경인,21.0,21.5,902
bmi,2026_경인,21.5,22.0,1042
bmi,2026_경인,22.0,22.5,980
bmi,2026_경인,22.5,23.0,974
bmi,2026_경인,23.0,23.5,997
bmi,2026_경인,23.5,24.0,896
bmi,2026_경인,24.0,24.5,806
bmi,2026_경인,24.5,25.0,785
bmi,2026_경인,25.0,25.5,623
bmi,2026_경인,25.5,26.0,602
bmi,2026_경인,26.0,26.5,517
bmi,2026_경인,26.5,27.0,486
bmi,2026_경인,27.0,27.5,408
bmi,2026_경인,27.5,28.0,359
bmi,2026_경인,28.0,28.5,327
bmi,2026_경인,28.5,29.0,300
bmi,2026_경인,29.0,29.5,270
bmi,2026_경인,29.5,30.0,229
bmi,2026_경인,30.0,30.5,176
bmi,2026_경인,30.5,31.0,173
bmi,2026_경인,31.0,31.5,198
bmi,2026_경인,31.5,32.0,131
bmi,2026_경인,32.0,32.5,134
bmi,2026_경인,32.5,33.0,104
bmi,2026_경인,33.0,33.5,106
bmi,2026_경인,33.5,34.0,97
bmi,2026_경인,34.0,34.5,84
bmi,2026_경인,34.5,35.0,69
height,2026_경인,146.0,147.0,1
height,2026_경인,147.0,148.0,0
height,2026_경인,148.0,149.0,1
height,2026_경인,149.0,150.0,0
height,2026_경인,150.0,151.0,1
height,2026_경인,151.0,152.0,0
height,2026_경인,152.0,153.0,1
height,2026_경인,153.0,154.0,4
height,2026_경인,154.0,155.0,2
height,2026_경인,155.0,156.0,5
height,2026_경인,156.0,157.0,7
height,2026_경인,157.0,158.0,6
height,2026_경인,158.0,159.0,21
height,2026_경인,159.0,160.0,33
height,2026_경인,160.0,161.0,56
height,2026_경인,161.0,162.0,66
height,2026_경인,162.0,163.0,110
height,2026_경인,163.0,164.0,159
height,2026_경인,164.0,165.0,238
height,2026_경인,165.0,166.0,337
height,2026_경인,166.0,167.0,439
height,2026_경인,167.0,168.0,547
height,2026_경인,168.0,169.0,687
height,2026_경인,169.0,170.0,860
height,2026_경인,170.0,171.0,980
height,2026_경인,171.0,172.0,1037
height,2026_경인,172.0,173.0,1120
height,2026_경인,173.0,174.0,1139
height,2026_경인,174.0,175.0,1167
height,2026_경인,175.0,176.0,1106
height,2026_경인,176.0,177.0,1040
height,2026_경인,177.0,178.0,951
height,2026_경인,178.0,179.0,886
height,2026_경인,179.0,180.0,813
height,2026_경인,180.0,181.0,678
height,2026_경인,181.0,182.0,508
height,2026_경인,182.0,183.0,434
height,2026_경인,183.0,184.0,337
height,2026_경인,184.0,185.0,236
height,2026_경인,185.0,186.0,174
height,2026_경인,186.0,187.0,122
height,2026_경인,187.0,188.0,89
height,2026_경인,188.0,189.0,62
height,2026_경인,189.0,190.0,46
height,2026_경인,190.0,191.0,24
height,2026_경인,191.0,192.0,20
height,2026_경인,192.0,193.0,17
height,2026_경인,193.0,194.0,6
height,2026_경인,194.0,195.0,6
height,2026_경인,195.0,196.0,1
height,2026_경인,196.0,197.0,4
height,2026_경인,197.0,198.0,1
height,2026_경인,198.0,199.0,1
weight,2026_경인,44.0,46.0,4
weight,2026_경인,46.0,48.0,4
weight,2026_경인,48.0,50.0,29
weight,2026_경인,50.0,52.0,62
weight,2026_경인,52.0,54.0,193
weight,2026_경인,54.0,56.0,406
weight,2026_경인,56.0,58.0,588
weight,2026_경인,58.0,60.0,826
weight,2026_경인,60.0,62.0,989
weight,2026_경인,62.0,64.0,1104
weight,2026_경인,64.0,66.0,1155
weight,2026_경인,66.0,68.0,1209
weight,2026_경인,68.0,70.0,1224
weight,2026_경인,70.0,72.0,1132
weight,2026_경인,72.0,74.0,1050
weight,2026_경인,74.0,76.0,881
weight,2026_경인,76.0,78.0,835
weight,2026_경인,78.0,80.0,743
weight,2026_경인,80.0,82.0,573
weight,2026_경인,82.0,84.0,537
weight,2026_경인,84.0,86.0,498
weight,2026_경인,86.0,88.0,436
weight,2026_경인,88.0,90.0,350
weight,2026_경인,90.0,92.0,288
weight,2026_경인,92.0,94.0,267
weight,2026_경인,94.0,96.0,232
weight,2026_경인,96.0,98.0,195
weight,2026_경인,98.0,100.0,160
weight,2026_경인,100.0,102.0,152
weight,2026_경인,102.0,104.0,125
weight,2026_경인,104.0,106.0,94
weight,2026_경인,106.0,108.0,71
weight,2026_경인,108.0,110.0,61
weight,2026_경인,110.0,112.0,40
weight,2026_경인,112.0,114.0,30
weight,2026_경인,114.0,116.0,19
weight,2026_경인,116.0,118.0,10
weight,2026_경인,118.0,120.0,6
weight,2026_경인,120.0,122.0,3
weight,2026_경인,122.0,124.0,2
weight,2026_경인,124.0,126.0,1
weight,2026_경인,126.0,128.0,1
weight,2026_경인,128.0,130.0,1
bmi,2026_광주.전남,18.5,19.0,220
bmi,2026_광주.전남,19.0,19.5,235
bmi,2026_광주.전남,19.5,20.0,286
bmi,2026_광주.전남,20.0,20.5,287
bmi,2026_광주.전남,20.5,21.0,341
bmi,2026_광주.전남,21.0,21.5,361
bmi,2026_광주.전남,21.5,22.0,392
bmi,2026_광주.전남,22.0,22.5,374
bmi,2026_광주.전남,22.5,23.0,413
bmi,2026_광주.전남,23.0,23.5,352
bmi,2026_광주.전남,23.5,24.0,370
bmi,2026_광주.전남,24.0,24.5,334
bmi,2026_광주.전남,24.5,25.0,353
bmi,2026_광주.전남,25.0,25.5,304
bmi,2026_광주.전남,25.5,26.0,288
bmi,2026_광주.전남,26.0,26.5,252
bmi,2026_광주.전남,26.5,27.0,237
bmi,2026_광주.전남,27.0,27.5,182
bmi,2026_광주.전남,27.5,28.0,167
bmi,2026_광주.전남,28.0,28.5,143
bmi,2026_광주.전남,28.5,29.0,138
bmi,2026_광주.전남,29.0,29.5,122
bmi,2026_광주.전남,29.5,30.0,113
bmi,2026_광주.전남,30.0,30.5,99
bmi,2026_광주.전남,30.5,31.0,100
bmi,2026_광주.전남,31.0,31.5,97
bmi,2026_광주.전남,31.5,32.0,67
bmi,2026_광주.전남,32.0,32.5,80
bmi,2026_광주.전남,32.5,33.0,51
bmi,2026_광주.전남,33.0,33.5,54
bmi,2026_광주.전남,33.5,34.0,53
bmi,2026_광주.전남,34.0,34.5,40
bmi,2026_광주.전남,34.5,35.0,44
height,2026_광주.전남,153.0,154.0,1
height,2026_광주.전남,154.0,155.0,0
height,2026_광주.전남,155.0,156.0,5
height,2026_광주.전남,156.0,157.0,5
height,2026_광주.전남,157.0,158.0,5
height,2026_광주.전남,158.0,159.0,12
height,2026_광주.전남,159.0,160.0,21
height,2026_광주.전남,160.0,161.0,29
height,2026_광주.전남,161.0,162.0,48
height,2026_광주.전남,162.0,163.0,56
height,2026_광주.전남,163.0,164.0,61
height,2026_광주.전남,164.0,165.0,97
height,2026_광주.전남,165.0,166.0,127
height,2026_광주.전남,166.0,167.0,195
height,2026_광주.전남,167.0,168.0,241
height,2026_광주.전남,168.0,169.0,300
height,2026_광주.전남,169.0,170.0,320
height,2026_광주.전남,170.0,171.0,402
height,2026_광주.전남,171.0,172.0,486
height,2026_광주.전남,172.0,173.0,464
height,2026_광주.전남,173.0,174.0,468
height,2026_광주.전남,174.0,175.0,434
height,2026_광주.전남,175.0,176.0,458
height,2026_광주.전남,176.0,177.0,438
height,2026_광주.전남,177.0,178.0,403
height,2026_광주.전남,178.0,179.0,393
height,2026_광주.전남,179.0,180.0,341
height,2026_광주.전남,180.0,181.0,266
height,2026_광주.전남,181.0,182.0,227
height,2026_광주.전남,182.0,183.0,156
height,2026_광주.전남,183.0,184.0,130
height,2026_광주.전남,184.0,185.0,98
height,2026_광주.전남,185.0,186.0,82
height,2026_광주.전남,186.0,187.0,56
height,2026_광주.전남,187.0,188.0,47
height,2026_광주.전남,188.0,189.0,29
height,2026_광주.전남,189.0,190.0,24
height,2026_광주.전남,190.0,191.0,4
height,2026_광주.전남,191.0,192.0,9
height,2026_광주.전남,192.0,193.0,3
height,2026_광주.전남,193.0,194.0,3
height,2026_광주.전남,194.0,195.0,2
height,2026_광주.전남,195.0,196.0,1
height,2026_광주.전남,196.0,197.0,2
weight,2026_광주.전남,44.0,46.0,1
weight,2026_광주.전남,46.0,48.0,6
weight,2026_광주.전남,48.0,50.0,19
weight,2026_광주.전남,50.0,52.0,30
weight,2026_광주.전남,52.0,54.0,75
weight,2026_광주.전남,54.0,56.0,163
weight,2026_광주.전남,56.0,58.0,220
weight,2026_광주.전남,58.0,60.0,277
weight,2026_광주.전남,60.0,62.0,380
weight,2026_광주.전남,62.0,64.0,409
weight,2026_광주.전남,64.0,66.0,429
weight,2026_광주.전남,66.0,68.0,466
weight,2026_광주.전남,68.0,70.0,488
weight,2026_광주.전남,70.0,72.0,443
weight,2026_광주.전남,72.0,74.0,452
weight,2026_광주.전남,74.0,76.0,406
weight,2026_광주.전남,76.0,78.0,336
weight,2026_광주.전남,78.0,80.0,340
weight,2026_광주.전남,80.0,82.0,294
weight,2026_광주.전남,82.0,84.0,257
weight,2026_광주.전남,84.0,86.0,205
weight,2026_광주.전남,86.0,88.0,210
weight,2026_광주.전남,88.0,90.0,146
weight,2026_광주.전남,90.0,92.0,130
weight,2026_광주.전남,92.0,94.0,124
weight,2026_광주.전남,94.0,96.0,125
weight,2026_광주.전남,96.0,98.0,106
weight,2026_광주.전남,98.0,100.0,83
weight,2026_광주.전남,100.0,102.0,66
weight,2026_광주.전남,102.0,104.0,71
weight,2026_광주.전남,104.0,106.0,43
weight,2026_광주.전남,106.0,108.0,40
weight,2026_광주.전남,108.0,110.0,34
weight,2026_광주.전남,110.0,112.0,26
weight,2026_광주.전남,112.0,114.0,17
weight,2026_광주.전남,114.0,116.0,13
weight,2026_광주.전남,116.0,118.0,8
weight,2026_광주.전남,118.0,120.0,5
weight,2026_광주.전남,120.0,122.0,4
weight,2026_광주.전남,122.0,124.0,1
weight,2026_광주.전남,124.0,126.0,1
bmi,2026_대구.경북,18.5,19.0,279
bmi,2026_대구.경북,19.0,19.5,364
bmi,2026_대구.경북,19.5,20.0,349
bmi,2026_대구.경북,20.0,20.5,436
bmi,2026_대구.경북,20.5,21.0,487
bmi,2026_대구.경북,21.0,21.5,508
bmi,2026_대구.경북,21.5,22.0,563
bmi,2026_대구.경북,22.0,22.5,591
bmi,2026_대구.경북,22.5,23.0,543
bmi,2026_대구.경북,23.0,23.5,514
bmi,2026_대구.경북,23.5,24.0,507
bmi,2026_대구.경북,24.0,24.5,490
bmi,2026_대구.경북,24.5,25.0,456
bmi,2026_대구.경북,25.0,25.5,394
bmi,2026_대구.경북,25.5,26.0,341
bmi,2026_대구.경북,26.0,26.5,299
bmi,2026_대구.경북,26.5,27.0,302
bmi,2026_대구.경북,27.0,27.5,275
bmi,2026_대구.경북,27.5,28.0,248
bmi,2026_대구.경북,28.0,28.5,222
bmi,2026_대구.경북,28.5,29.0,213
bmi,2026_대구.경북,29.0,29.5,176
bmi,2026_대구.경북,29.5,30.0,148
bmi,2026_대구.경북,30.0,30.5,154
bmi,2026_대구.경북,30.5,31.0,146
bmi,2026_대구.경북,31.0,31.5,114
bmi,2026_대구.경북,31.5,32.0,108
bmi,2026_대구.경북,32.0,32.5,94
bmi,2026_대구.경북,32.5,33.0,79
bmi,2026_대구.경북,33.0,33.5,83
bmi,2026_대구.경북,33.5,34.0,66
bmi,2026_대구.경북,34.0,34.5,61
bmi,2026_대구.경북,34.5,35.0,59
height,2026_대구.경북,148.0,149.0,1
height,2026_대구.경북,149.0,150.0,0
height,2026_대구.경북,150.0,151.0,0
height,2026_대구.경북,151.0,152.0,3
height,2026_대구.경북,152.0,153.0,1
height,2026_대구.경북,153.0,154.0,2
height,2026_대구.경북,154.0,155.0,1
height,2026_대구.경북,155.0,156.0,4
height,2026_대구.경북,156.0,157.0,5
height,2026_대구.경북,157.0,158.0,8
height,2026_대구.경북,158.0,159.0,17
height,2026_대구.경북,159.0,160.0,16
height,2026_대구.경북,160.0,161.0,35
height,2026_대구.경북,161.0,162.0,62
height,2026_대구.경북,162.0,163.0,85
height,2026_대구.경북,163.0,164.0,109
height,2026_대구.경북,164.0,165.0,139
height,2026_대구.경북,165.0,166.0,232
height,2026_대구.경북,166.0,167.0,261
height,2026_대구.경북,167.0,168.0,336
height,2026_대구.경북,168.0,169.0,420
height,2026_대구.경북,169.0,170.0,478
height,2026_대구.경북,170.0,171.0,594
height,2026_대구.경북,171.0,172.0,630
height,2026_대구.경북,172.0,173.0,667
height,2026_대구.경북,173.0,174.0,658
height,2026_대구.경북,174.0,175.0,668
height,2026_대구.경북,175.0,176.0,630
height,2026_대구.경북,176.0,177.0,590
height,2026_대구.경북,177.0,178.0,590
height,2026_대구.경북,178.0,179.0,495
height,2026_대구.경북,179.0,180.0,379
height,2026_대구.경북,180.0,181.0,391
height,2026_대구.경북,181.0,182.0,268
height,2026_대구.경북,182.0,183.0,222
height,2026_대구.경북,183.0,184.0,191
height,2026_대구.경북,184.0,185.0,139
height,2026_대구.경북,185.0,186.0,121
height,2026_대구.경북,186.0,187.0,72
height,2026_대구.경북,187.0,188.0,50
height,2026_대구.경북,188.0,189.0,32
height,2026_대구.경북,189.0,190.0,24
height,2026_대구.경북,190.0,191.0,14
height,2026_대구.경북,191.0,192.0,12
height,2026_대구.경북,192.0,193.0,4
height,2026_대구.경북,193.0,194.0,6
height,2026_대구.경북,194.0,195.0,3
height,2026_대구.경북,195.0,196.0,2
height,2026_대구.경북,196.0,197.0,1
height,2026_대구.경북,197.0,198.0,1
weight,2026_대구.경북,42.0,44.0,1
weight,2026_대구.경북,44.0,46.0,1
weight,2026_대구.경북,46.0,48.0,5
weight,2026_대구.경북,48.0,50.0,12
weight,2026_대구.경북,50.0,52.0,46
weight,2026_대구.경북,52.0,54.0,98
weight,2026_대구.경북,54.0,56.0,198
weight,2026_대구.경북,56.0,58.0,326
weight,2026_대구.경북,58.0,60.0,438
weight,2026_대구.경북,60.0,62.0,537
weight,2026_대구.경북,62.0,64.0,596
weight,2026_대구.경북,64.0,66.0,686
weight,2026_대구.경북,66.0,68.0,654
weight,2026_대구.경북,68.0,70.0,616
weight,2026_대구.경북,70.0,72.0,606
weight,2026_대구.경북,72.0,74.0,586
weight,2026_대구.경북,74.0,76.0,566
weight,2026_대구.경북,76.0,78.0,485
weight,2026_대구.경북,78.0,80.0,414
weight,2026_대구.경북,80.0,82.0,420
weight,2026_대구.경북,82.0,84.0,337
weight,2026_대구.경북,84.0,86.0,312
weight,2026_대구.경북,86.0,88.0,267
weight,2026_대구.경북,88.0,90.0,243
weight,2026_대구.경북,90.0,92.0,226
weight,2026_대구.경북,92.0,94.0,186
weight,2026_대구.경북,94.0,96.0,140
weight,2026_대구.경북,96.0,98.0,131
weight,2026_대구.경북,98.0,100.0,118
weight,2026_대구.경북,100.0,102.0,106
weight,2026_대구.경북,102.0,104.0,77
weight,2026_대구.경북,104.0,106.0,59
weight,2026_대구.경북,106.0,108.0,50
weight,2026_대구.경북,108.0,110.0,40
weight,2026_대구.경북,110.0,112.0,26
weight,2026_대구.경북,112.0,114.0,22
weight,2026_대구.경북,114.0,116.0,17
weight,2026_대구.경북,116.0,118.0,11
weight,2026_대구.경북,118.0,120.0,4
weight,2026_대구.경북,120.0,122.0,3
weight,2026_대구.경북,122.0,124.0,2
weight,2026_대구.경북,124.0,126.0,0
weight,2026_대구.경북,126.0,128.0,1
bmi,2026_대전.충남,18.5,19.0,274
bmi,2026_대전.충남,19.0,19.5,289
bmi,2026_대전.충남,19.5,20.0,335
bmi,2026_대전.충남,20.0,20.5,394
bmi,2026_대전.충남,20.5,21.0,384
bmi,2026_대전.충남,21.0,21.5,439
bmi,2026_대전.충남,21.5,22.0,445
bmi,2026_대전.충남,22.0,22.5,475
bmi,2026_대전.충남,22.5,23.0,448
bmi,2026_대전.충남,23.0,23.5,431
bmi,2026_대전.충남,23.5,24.0,409
bmi,2026_대전.충남,24.0,24.5,404
bmi,2026_대전.충남,24.5,25.0,374
bmi,2026_대전.충남,25.0,25.5,310
bmi,2026_대전.충남,25.5,26.0,307
bmi,2026_대전.충남,26.0,26.5,243
bmi,2026_대전.충남,26.5,27.0,252
bmi,2026_대전.충남,27.0,27.5,209
bmi,2026_대전.충남,27.5,28.0,190
bmi,2026_대전.충남,28.0,28.5,148
bmi,2026_대전.충남,28.5,29.0,159
bmi,2026_대전.충남,29.0,29.5,141
bmi,2026_대전.충남,29.5,30.0,118
bmi,2026_대전.충남,30.0,30.5,129
bmi,2026_대전.충남,30.5,31.0,109
bmi,2026_대전.충남,31.0,31.5,97
bmi,2026_대전.충남,31.5,32.0,101
bmi,2026_대전.충남,32.0,32.5,81
bmi,2026_대전.충남,32.5,33.0,56
bmi,2026_대전.충남,33.0,33.5,69
bmi,2026_대전.충남,33.5,34.0,52
bmi,2026_대전.충남,34.0,34.5,50
bmi,2026_대전.충남,34.5,35.0,45
height,2026_대전.충남,150.0,151.0,1
height,2026_대전.충남,151.0,152.0,0
height,2026_대전.충남,152.0,153.0,1
height,2026_대전.충남,153.0,154.0,0
height,2026_대전.충남,154.0,155.0,1
height,2026_대전.충남,155.0,156.0,3
height,2026_대전.충남,156.0,157.0,4
height,2026_대전.충남,157.0,158.0,11
height,2026_대전.충남,158.0,159.0,8
height,2026_대전.충남,159.0,160.0,17
height,2026_대전.충남,160.0,161.0,24
height,2026_대전.충남,161.0,162.0,56
height,2026_대전.충남,162.0,163.0,63
height,2026_대전.충남,163.0,164.0,95
height,2026_대전.충남,164.0,165.0,105
height,2026_대전.충남,165.0,166.0,160
height,2026_대전.충남,166.0,167.0,225
height,2026_대전.충남,167.0,168.0,289
height,2026_대전.충남,168.0,169.0,333
height,2026_대전.충남,169.0,170.0,390
height,2026_대전.충남,170.0,171.0,447
height,2026_대전.충남,171.0,172.0,482
height,2026_대전.충남,172.0,173.0,548
height,2026_대전.충남,173.0,174.0,568
height,2026_대전.충남,174.0,175.0,584
height,2026_대전.충남,175.0,176.0,518
height,2026_대전.충남,176.0,177.0,477
height,2026_대전.충남,177.0,178.0,467
height,2026_대전.충남,178.0,179.0,419
height,2026_대전.충남,179.0,180.0,364
height,2026_대전.충남,180.0,181.0,272
height,2026_대전.충남,181.0,182.0,253
height,2026_대전.충남,182.0,183.0,213
height,2026_대전.충남,183.0,184.0,143
height,2026_대전.충남,184.0,185.0,130
height,2026_대전.충남,185.0,186.0,85
height,2026_대전.충남,186.0,187.0,62
height,2026_대전.충남,187.0,188.0,52
height,2026_대전.충남,188.0,189.0,36
height,2026_대전.충남,189.0,190.0,24
height,2026_대전.충남,190.0,191.0,12
height,2026_대전.충남,191.0,192.0,7
height,2026_대전.충남,192.0,193.0,9
height,2026_대전.충남,193.0,194.0,3
height,2026_대전.충남,194.0,195.0,1
height,2026_대전.충남,195.0,196.0,2
height,2026_대전.충남,196.0,197.0,2
height,2026_대전.충남,197.0,198.0,0
height,2026_대전.충남,198.0,199.0,1
weight,2026_대전.충남,46.0,48.0,4
weight,2026_대전.충남,48.0,50.0,10
weight,2026_대전.충남,50.0,52.0,44
weight,2026_대전.충남,52.0,54.0,102
weight,2026_대전.충남,54.0,56.0,190
weight,2026_대전.충남,56.0,58.0,250
weight,2026_대전.충남,58.0,60.0,363
weight,2026_대전.충남,60.0,62.0,448
weight,2026_대전.충남,62.0,64.0,513
weight,2026_대전.충남,64.0,66.0,554
weight,2026_대전.충남,66.0,68.0,524
weight,2026_대전.충남,68.0,70.0,503
weight,2026_대전.충남,70.0,72.0,507
weight,2026_대전.충남,72.0,74.0,515
weight,2026_대전.충남,74.0,76.0,469
weight,2026_대전.충남,76.0,78.0,386
weight,2026_대전.충남,78.0,80.0,320
weight,2026_대전.충남,80.0,82.0,323
weight,2026_대전.충남,82.0,84.0,287
weight,2026_대전.충남,84.0,86.0,250
weight,2026_대전.충남,86.0,88.0,213
weight,2026_대전.충남,88.0,90.0,211
weight,2026_대전.충남,90.0,92.0,173
weight,2026_대전.충남,92.0,94.0,132
weight,2026_대전.충남,94.0,96.0,115
weight,2026_대전.충남,96.0,98.0,119
weight,2026_대전.충남,98.0,100.0,87
weight,2026_대전.충남,100.0,102.0,67
weight,2026_대전.충남,102.0,104.0,75
weight,2026_대전.충남,104.0,106.0,59
weight,2026_대전.충남,106.0,108.0,42
weight,2026_대전.충남,108.0,110.0,42
weight,2026_대전.충남,110.0,112.0,25
weight,2026_대전.충남,112.0,114.0,14
weight,2026_대전.충남,114.0,116.0,13
weight,2026_대전.충남,116.0,118.0,5
weight,2026_대전.충남,118.0,120.0,3
weight,2026_대전.충남,120.0,122.0,4
weight,2026_대전.충남,122.0,124.0,4
weight,2026_대전.충남,124.0,126.0,0
weight,2026_대전.충남,126.0,128.0,2
bmi,2026_부산.울산,18.5,19.0,196
bmi,2026_부산.울산,19.0,19.5,236
bmi,2026_부산.울산,19.5,20.0,284
bmi,2026_부산.울산,20.0,20.5,335
bmi,2026_부산.울산,20.5,21.0,329
bmi,2026_부산.울산,21.0,21.5,364
bmi,2026_부산.울산,21.5,22.0,360
bmi,2026_부산.울산,22.0,22.5,415
bmi,2026_부산.울산,22.5,23.0,432
bmi,2026_부산.울산,23.0,23.5,382
bmi,2026_부산.울산,23.5,24.0,403
bmi,2026_부산.울산,24.0,24.5,345
bmi,2026_부산.울산,24.5,25.0,314
bmi,2026_부산.울산,25.0,25.5,308
bmi,2026_부산.울산,25.5,26.0,260
bmi,2026_부산.울산,26.0,26.5,198
bmi,2026_부산.울산,26.5,27.0,224
bmi,2026_부산.울산,27.0,27.5,184
bmi,2026_부산.울산,27.5,28.0,177
bmi,2026_부산.울산,28.0,28.5,158
bmi,2026_부산.울산,28.5,29.0,155
bmi,2026_부산.울산,29.0,29.5,97
bmi,2026_부산.울산,29.5,30.0,109
bmi,2026_부산.울산,30.0,30.5,111
bmi,2026_부산.울산,30.5,31.0,78
bmi,2026_부산.울산,31.0,31.5,81
bmi,2026_부산.울산,31.5,32.0,65
bmi,2026_부산.울산,32.0,32.5,63
bmi,2026_부산.울산,32.5,33.0,68
bmi,2026_부산.울산,33.0,33.5,47
bmi,2026_부산.울산,33.5,34.0,39
bmi,2026_부산.울산,34.0,34.5,31
bmi,2026_부산.울산,34.5,35.0,40
height,2026_부산.울산,148.0,149.0,1
height,2026_부산.울산,149.0,150.0,0
height,2026_부산.울산,150.0,151.0,0
height,2026_부산.울산,151.0,152.0,1
height,2026_부산.울산,152.0,153.0,0
height,2026_부산.울산,153.0,154.0,1
height,2026_부산.울산,154.0,155.0,1
height,2026_부산.울산,155.0,156.0,5
height,2026_부산.울산,156.0,157.0,8
height,2026_부산.울산,157.0,158.0,6
height,2026_부산.울산,158.0,159.0,6
height,2026_부산.울산,159.0,160.0,24
height,2026_부산.울산,160.0,161.0,22
height,2026_부산.울산,161.0,162.0,31
height,2026_부산.울산,162.0,163.0,67
height,2026_부산.울산,163.0,164.0,90
height,2026_부산.울산,164.0,165.0,118
height,2026_부산.울산,165.0,166.0,139
height,2026_부산.울산,166.0,167.0,179
height,2026_부산.울산,167.0,168.0,246
height,2026_부산.울산,168.0,169.0,312
height,2026_부산.울산,169.0,170.0,342
height,2026_부산.울산,170.0,171.0,397
height,2026_부산.울산,171.0,172.0,405
height,2026_부산.울산,172.0,173.0,441
height,2026_부산.울산,173.0,174.0,523
height,2026_부산.울산,174.0,175.0,462
height,2026_부산.울산,175.0,176.0,437
height,2026_부산.울산,176.0,177.0,439
height,2026_부산.울산,177.0,178.0,415
height,2026_부산.울산,178.0,179.0,347
height,2026_부산.울산,179.0,180.0,297
height,2026_부산.울산,180.0,181.0,281
height,2026_부산.울산,181.0,182.0,211
height,2026_부산.울산,182.0,183.0,177
height,2026_부산.울산,183.0,184.0,132
height,2026_부산.울산,184.0,185.0,106
height,2026_부산.울산,185.0,186.0,72
height,2026_부산.울산,186.0,187.0,42
height,2026_부산.울산,187.0,188.0,40
height,2026_부산.울산,188.0,189.0,26
height,2026_부산.울산,189.0,190.0,17
height,2026_부산.울산,190.0,191.0,7
height,2026_부산.울산,191.0,192.0,8
height,2026_부산.울산,192.0,193.0,4
height,2026_부산.울산,193.0,194.0,2
height,2026_부산.울산,194.0,195.0,0
height,2026_부산.울산,195.0,196.0,1
weight,2026_부산.울산,44.0,46.0,1
weight,2026_부산.울산,46.0,48.0,1
weight,2026_부산.울산,48.0,50.0,6
weight,2026_부산.울산,50.0,52.0,33
weight,2026_부산.울산,52.0,54.0,69
weight,2026_부산.울산,54.0,56.0,122
weight,2026_부산.울산,56.0,58.0,237
weight,2026_부산.울산,58.0,60.0,353
weight,2026_부산.울산,60.0,62.0,386
weight,2026_부산.울산,62.0,64.0,401
weight,2026_부산.울산,64.0,66.0,460
weight,2026_부산.울산,66.0,68.0,505
weight,2026_부산.울산,68.0,70.0,492
weight,2026_부산.울산,70.0,72.0,459
weight,2026_부산.울산,72.0,74.0,424
weight,2026_부산.울산,74.0,76.0,377
weight,2026_부산.울산,76.0,78.0,358
weight,2026_부산.울산,78.0,80.0,279
weight,2026_부산.울산,80.0,82.0,295
weight,2026_부산.울산,82.0,84.0,248
weight,2026_부산.울산,84.0,86.0,216
weight,2026_부산.울산,86.0,88.0,187
weight,2026_부산.울산,88.0,90.0,152
weight,2026_부산.울산,90.0,92.0,139
weight,2026_부산.울산,92.0,94.0,142
weight,2026_부산.울산,94.0,96.0,101
weight,2026_부산.울산,96.0,98.0,95
weight,2026_부산.울산,98.0,100.0,70
weight,2026_부산.울산,100.0,102.0,69
weight,2026_부산.울산,102.0,104.0,50
weight,2026_부산.울산,104.0,106.0,38
weight,2026_부산.울산,106.0,108.0,42
weight,2026_부산.울산,108.0,110.0,27
weight,2026_부산.울산,110.0,112.0,21
weight,2026_부산.울산,112.0,114.0,14
weight,2026_부산.울산,114.0,116.0,9
weight,2026_부산.울산,116.0,118.0,7
weight,2026_부산.울산,118.0,120.0,3
bmi,2026_서울,18.5,19.0,507
bmi,2026_서울,19.0,19.5,638
bmi,2026_서울,19.5,20.0,691
bmi,2026_서울,20.0,20.5,778
bmi,2026_서울,20.5,21.0,843
bmi,2026_서울,21.0,21.5,916
bmi,2026_서울,21.5,22.0,968
bmi,2026_서울,22.0,22.5,982
bmi,2026_서울,22.5,23.0,1010
bmi,2026_서울,23.0,23.5,949
bmi,2026_서울,23.5,24.0,883
bmi,2026_서울,24.0,24.5,828
bmi,2026_서울,24.5,25.0,785
bmi,2026_서울,25.0,25.5,648
bmi,2026_서울,25.5,26.0,553
bmi,2026_서울,26.0,26.5,516
bmi,2026_서울,26.5,27.0,473
bmi,2026_서울,27.0,27.5,422
bmi,2026_서울,27.5,28.0,370
bmi,2026_서울,28.0,28.5,328
bmi,2026_서울,28.5,29.0,299
bmi,2026_서울,29.0,29.5,223
bmi,2026_서울,29.5,30.0,227
bmi,2026_서울,30.0,30.5,231
bmi,2026_서울,30.5,31.0,198
bmi,2026_서울,31.0,31.5,145
bmi,2026_서울,31.5,32.0,177
bmi,2026_서울,32.0,32.5,129
bmi,2026_서울,32.5,33.0,111
bmi,2026_서울,33.0,33.5,116
bmi,2026_서울,33.5,34.0,84
bmi,2026_서울,34.0,34.5,82
bmi,2026_서울,34.5,35.0,63
height,2026_서울,135.0,136.0,1
height,2026_서울,136.0,137.0,0
height,2026_서울,137.0,138.0,0
height,2026_서울,138.0,139.0,0
height,2026_서울,139.0,140.0,0
height,2026_서울,140.0,141.0,0
height,2026_서울,141.0,142.0,0
height,2026_서울,142.0,143.0,0
height,2026_서울,143.0,144.0,0
height,2026_서울,144.0,145.0,0
height,2026_서울,145.0,146.0,0
height,2026_서울,146.0,147.0,0
height,2026_서울,147.0,148.0,0
height,2026_서울,148.0,149.0,0
height,2026_서울,149.0,150.0,0
height,2026_서울,150.0,151.0,1
height,2026_서울,151.0,152.0,1
height,2026_서울,152.0,153.0,2
height,2026_서울,153.0,154.0,2
height,2026_서울,154.0,155.0,2
height,2026_서울,155.0,156.0,2
height,2026_서울,156.0,157.0,6
height,2026_서울,157.0,158.0,14
height,2026_서울,158.0,159.0,24
height,2026_서울,159.0,160.0,26
height,2026_서울,160.0,161.0,51
height,2026_서울,161.0,162.0,74
height,2026_서울,162.0,163.0,117
height,2026_서울,163.0,164.0,154
height,2026_서울,164.0,165.0,220
height,2026_서울,165.0,166.0,305
height,2026_서울,166.0,167.0,400
height,2026_서울,167.0,168.0,534
height,2026_서울,168.0,169.0,624
height,2026_서울,169.0,170.0,730
height,2026_서울,170.0,171.0,997
height,2026_서울,171.0,172.0,1075
height,2026_서울,172.0,173.0,1075
height,2026_서울,173.0,174.0,1161
height,2026_서울,174.0,175.0,1139
height,2026_서울,175.0,176.0,1062
height,2026_서울,176.0,177.0,1028
height,2026_서울,177.0,178.0,1031
height,2026_서울,178.0,179.0,840
height,2026_서울,179.0,180.0,748
height,2026_서울,180.0,181.0,653
height,2026_서울,181.0,182.0,532
height,2026_서울,182.0,183.0,417
height,2026_서울,183.0,184.0,296
height,2026_서울,184.0,185.0,236
height,2026_서울,185.0,186.0,192
height,2026_서울,186.0,187.0,130
height,2026_서울,187.0,188.0,105
height,2026_서울,188.0,189.0,54
height,2026_서울,189.0,190.0,55
height,2026_서울,190.0,191.0,15
height,2026_서울,191.0,192.0,16
height,2026_서울,192.0,193.0,15
height,2026_서울,193.0,194.0,2
height,2026_서울,194.0,195.0,3
height,2026_서울,195.0,196.0,2
height,2026_서울,196.0,197.0,3
height,2026_서울,197.0,198.0,0
height,2026_서울,198.0,199.0,0
height,2026_서울,199.0,200.0,1
weight,2026_서울,44.0,46.0,1
weight,2026_서울,46.0,48.0,7
weight,2026_서울,48.0,50.0,18
weight,2026_서울,50.0,52.0,66
weight,2026_서울,52.0,54.0,163
weight,2026_서울,54.0,56.0,331
weight,2026_서울,56.0,58.0,530
weight,2026_서울,58.0,60.0,735
weight,2026_서울,60.0,62.0,969
weight,2026_서울,62.0,64.0,1033
weight,2026_서울,64.0,66.0,1111
weight,2026_서울,66.0,68.0,1195
weight,2026_서울,68.0,70.0,1121
weight,2026_서울,70.0,72.0,1121
weight,2026_서울,72.0,74.0,1065
weight,2026_서울,74.0,76.0,958
weight,2026_서울,76.0,78.0,845
weight,2026_서울,78.0,80.0,744
weight,2026_서울,80.0,82.0,595
weight,2026_서울,82.0,84.0,568
weight,2026_서울,84.0,86.0,482
weight,2026_서울,86.0,88.0,397
weight,2026_서울,88.0,90.0,368
weight,2026_서울,90.0,92.0,333
weight,2026_서울,92.0,94.0,263
weight,2026_서울,94.0,96.0,223
weight,2026_서울,96.0,98.0,175
weight,2026_서울,98.0,100.0,157
weight,2026_서울,100.0,102.0,158
weight,2026_서울,102.0,104.0,112
weight,2026_서울,104.0,106.0,79
weight,2026_서울,106.0,108.0,68
weight,2026_서울,108.0,110.0,64
weight,2026_서울,110.0,112.0,35
weight,2026_서울,112.0,114.0,37
weight,2026_서울,114.0,116.0,13
weight,2026_서울,116.0,118.0,13
weight,2026_서울,118.0,120.0,11
weight,2026_서울,120.0,122.0,5
weight,2026_서울,122.0,124.0,1
weight,2026_서울,124.0,126.0,3
bmi,2026_인천,18.5,19.0,362
bmi,2026_인천,19.0,19.5,412
bmi,2026_인천,19.5,20.0,454
bmi,2026_인천,20.0,20.5,539
bmi,2026_인천,20.5,21.0,499
bmi,2026_인천,21.0,21.5,581
bmi,2026_인천,21.5,22.0,677
bmi,2026_인천,22.0,22.5,642
bmi,2026_인천,22.5,23.0,575
bmi,2026_인천,23.0,23.5,641
bmi,2026_인천,23.5,24.0,538
bmi,2026_인천,24.0,24.5,522
bmi,2026_인천,24.5,25.0,530
bmi,2026_인천,25.0,25.5,422
bmi,2026_인천,25.5,26.0,399
bmi,2026_인천,26.0,26.5,349
bmi,2026_인천,26.5,27.0,287
bmi,2026_인천,27.0,27.5,305
bmi,2026_인천,27.5,28.0,248
bmi,2026_인천,28.0,28.5,211
bmi,2026_인천,28.5,29.0,199
bmi,2026_인천,29.0,29.5,166
bmi,2026_인천,29.5,30.0,158
bmi,2026_인천,30.0,30.5,157
bmi,2026_인천,30.5,31.0,128
bmi,2026_인천,31.0,31.5,131
bmi,2026_인천,31.5,32.0,105
bmi,2026_인천,32.0,32.5,92
bmi,2026_인천,32.5,33.0,89
bmi,2026_인천,33.0,33.5,76
bmi,2026_인천,33.5,34.0,65
bmi,2026_인천,34.0,34.5,65
bmi,2026_인천,34.5,35.0,58
height,2026_인천,144.0,145.0,1
height,2026_인천,145.0,146.0,0
height,2026_인천,146.0,147.0,0
height,2026_인천,147.0,148.0,0
height,2026_인천,148.0,149.0,0
height,2026_인천,149.0,150.0,0
height,2026_인천,150.0,151.0,0
height,2026_인천,151.0,152.0,2
height,2026_인천,152.0,153.0,0
height,2026_인천,153.0,154.0,1
height,2026_인천,154.0,155.0,3
height,2026_인천,155.0,156.0,3
height,2026_인천,156.0,157.0,13
height,2026_인천,157.0,158.0,14
height,2026_인천,158.0,159.0,12
height,2026_인천,159.0,160.0,27
height,2026_인천,160.0,161.0,32
height,2026_인천,161.0,162.0,49
height,2026_인천,162.0,163.0,85
height,2026_인천,163.0,164.0,111
height,2026_인천,164.0,165.0,187
height,2026_인천,165.0,166.0,207
height,2026_인천,166.0,167.0,305
height,2026_인천,167.0,168.0,360
height,2026_인천,168.0,169.0,411
height,2026_인천,169.0,170.0,526
height,2026_인천,170.0,171.0,603
height,2026_인천,171.0,172.0,670
height,2026_인천,172.0,173.0,714
height,2026_인천,173.0,174.0,738
height,2026_인천,174.0,175.0,748
height,2026_인천,175.0,176.0,734
height,2026_인천,176.0,177.0,664
height,2026_인천,177.0,178.0,612
height,2026_인천,178.0,179.0,531
height,2026_인천,179.0,180.0,445
height,2026_인천,180.0,181.0,441
height,2026_인천,181.0,182.0,371
height,2026_인천,182.0,183.0,263
height,2026_인천,183.0,184.0,210
height,2026_인천,184.0,185.0,176
height,2026_인천,185.0,186.0,133
height,2026_인천,186.0,187.0,103
height,2026_인천,187.0,188.0,50
height,2026_인천,188.0,189.0,38
height,2026_인천,189.0,190.0,31
height,2026_인천,190.0,191.0,17
height,2026_인천,191.0,192.0,15
height,2026_인천,192.0,193.0,8
height,2026_인천,193.0,194.0,10
height,2026_인천,194.0,195.0,2
height,2026_인천,195.0,196.0,2
height,2026_인천,196.0,197.0,1
height,2026_인천,197.0,198.0,2
height,2026_인천,198.0,199.0,0
height,2026_인천,199.0,200.0,0
height,2026_인천,200.0,201.0,0
height,2026_인천,201.0,202.0,0
height,2026_인천,202.0,203.0,0
height,2026_인천,203.0,204.0,0
height,2026_인천,204.0,205.0,0
height,2026_인천,205.0,206.0,0
height,2026_인천,206.0,207.0,0
height,2026_인천,207.0,208.0,1
weight,2026_인천,44.0,46.0,1
weight,2026_인천,46.0,48.0,7
weight,2026_인천,48.0,50.0,15
weight,2026_인천,50.0,52.0,48
weight,2026_인천,52.0,54.0,130
weight,2026_인천,54.0,56.0,243
weight,2026_인천,56.0,58.0,402
weight,2026_인천,58.0,60.0,468
weight,2026_인천,60.0,62.0,647
weight,2026_인천,62.0,64.0,695
weight,2026_인천,64.0,66.0,708
weight,2026_인천,66.0,68.0,740
weight,2026_인천,68.0,70.0,700
weight,2026_인천,70.0,72.0,684
weight,2026_인천,72.0,74.0,665
weight,2026_인천,74.0,76.0,612
weight,2026_인천,76.0,78.0,547
weight,2026_인천,78.0,80.0,486
weight,2026_인천,80.0,82.0,394
weight,2026_인천,82.0,84.0,384
weight,2026_인천,84.0,86.0,303
weight,2026_인천,86.0,88.0,271
weight,2026_인천,88.0,90.0,230
weight,2026_인천,90.0,92.0,219
weight,2026_인천,92.0,94.0,171
weight,2026_인천,94.0,96.0,168
weight,2026_인천,96.0,98.0,168
weight,2026_인천,98.0,100.0,127
weight,2026_인천,100.0,102.0,102
weight,2026_인천,102.0,104.0,73
weight,2026_인천,104.0,106.0,68
weight,2026_인천,106.0,108.0,69
weight,2026_인천,108.0,110.0,46
weight,2026_인천,110.0,112.0,35
weight,2026_인천,112.0,114.0,19
weight,2026_인천,114.0,116.0,18
weight,2026_인천,116.0,118.0,12
weight,2026_인천,118.0,120.0,2
weight,2026_인천,120.0,122.0,2
weight,2026_인천,122.0,124.0,2
weight,2026_인천,124.0,126.0,1
bmi,2026_전북,18.5,19.0,44
bmi,2026_전북,19.0,19.5,47
bmi,2026_전북,19.5,20.0,67
bmi,2026_전북,20.0,20.5,69
bmi,2026_전북,20.5,21.0,103
bmi,2026_전북,21.0,21.5,97
bmi,2026_전북,21.5,22.0,90
bmi,2026_전북,22.0,22.5,102
bmi,2026_전북,22.5,23.0,109
bmi,2026_전북,23.0,23.5,91
bmi,2026_전북,23.5,24.0,95
bmi,2026_전북,24.0,24.5,78
bmi,2026_전북,24.5,25.0,92
bmi,2026_전북,25.0,25.5,77
bmi,2026_전북,25.5,26.0,66
bmi,2026_전북,26.0,26.5,66
bmi,2026_전북,26.5,27.0,52
bmi,2026_전북,27.0,27.5,39
bmi,2026_전북,27.5,28.0,60
bmi,2026_전북,28.0,28.5,44
bmi,2026_전북,28.5,29.0,31
bmi,2026_전북,29.0,29.5,30
bmi,2026_전북,29.5,30.0,38
bmi,2026_전북,30.0,30.5,22
bmi,2026_전북,30.5,31.0,22
bmi,2026_전북,31.0,31.5,20
bmi,2026_전북,31.5,32.0,16
bmi,2026_전북,32.0,32.5,18
bmi,2026_전북,32.5,33.0,15
bmi,2026_전북,33.0,33.5,13
bmi,2026_전북,33.5,34.0,15
bmi,2026_전북,34.0,34.5,11
bmi,2026_전북,34.5,35.0,13
height,2026_전북,153.0,154.0,1
height,2026_전북,154.0,155.0,1
height,2026_전북,155.0,156.0,0
height,2026_전북,156.0,157.0,1
height,2026_전북,157.0,158.0,0
height,2026_전북,158.0,159.0,7
height,2026_전북,159.0,160.0,3
height,2026_전북,160.0,161.0,8
height,2026_전북,161.0,162.0,10
height,2026_전북,162.0,163.0,15
height,2026_전북,163.0,164.0,13
height,2026_전북,164.0,165.0,35
height,2026_전북,165.0,166.0,28
height,2026_전북,166.0,167.0,48
height,2026_전북,167.0,168.0,59
height,2026_전북,168.0,169.0,67
height,2026_전북,169.0,170.0,88
height,2026_전북,170.0,171.0,99
height,2026_전북,171.0,172.0,119
height,2026_전북,172.0,173.0,105
height,2026_전북,173.0,174.0,109
height,2026_전북,174.0,175.0,119
height,2026_전북,175.0,176.0,122
height,2026_전북,176.0,177.0,128
height,2026_전북,177.0,178.0,96
height,2026_전북,178.0,179.0,86
height,2026_전북,179.0,180.0,69
height,2026_전북,180.0,181.0,73
height,2026_전북,181.0,182.0,60
height,2026_전북,182.0,183.0,36
height,2026_전북,183.0,184.0,39
height,2026_전북,184.0,185.0,26
height,2026_전북,185.0,186.0,26
height,2026_전북,186.0,187.0,18
height,2026_전북,187.0,188.0,12
height,2026_전북,188.0,189.0,12
height,2026_전북,189.0,190.0,3
height,2026_전북,190.0,191.0,4
height,2026_전북,191.0,192.0,1
height,2026_전북,192.0,193.0,2
height,2026_전북,193.0,194.0,1
height,2026_전북,194.0,195.0,0
height,2026_전북,195.0,196.0,3
weight,2026_전북,46.0,48.0,3
weight,2026_전북,48.0,50.0,3
weight,2026_전북,50.0,52.0,9
weight,2026_전북,52.0,54.0,19
weight,2026_전북,54.0,56.0,28
weight,2026_전북,56.0,58.0,44
weight,2026_전북,58.0,60.0,68
weight,2026_전북,60.0,62.0,94
weight,2026_전북,62.0,64.0,114
weight,2026_전북,64.0,66.0,131
weight,2026_전북,66.0,68.0,100
weight,2026_전북,68.0,70.0,118
weight,2026_전북,70.0,72.0,116
weight,2026_전북,72.0,74.0,120
weight,2026_전북,74.0,76.0,99
weight,2026_전북,76.0,78.0,79
weight,2026_전북,78.0,80.0,90
weight,2026_전북,80.0,82.0,77
weight,2026_전북,82.0,84.0,67
weight,2026_전북,84.0,86.0,57
weight,2026_전북,86.0,88.0,44
weight,2026_전북,88.0,90.0,29
weight,2026_전북,90.0,92.0,38
weight,2026_전북,92.0,94.0,36
weight,2026_전북,94.0,96.0,31
weight,2026_전북,96.0,98.0,26
weight,2026_전북,98.0,100.0,25
weight,2026_전북,100.0,102.0,21
weight,2026_전북,102.0,104.0,16
weight,2026_전북,104.0,106.0,15
weight,2026_전북,106.0,108.0,8
weight,2026_전북,108.0,110.0,5
weight,2026_전북,110.0,112.0,5
weight,2026_전북,112.0,114.0,5
weight,2026_전북,114.0,116.0,4
weight,2026_전북,116.0,118.0,4
weight,2026_전북,118.0,120.0,0
weight,2026_전북,120.0,122.0,3
weight,2026_전북,122.0,124.0,0
weight,2026_전북,124.0,126.0,1
bmi,2026_제주,18.5,19.0,32
bmi,2026_제주,19.0,19.5,38
bmi,2026_제주,19.5,20.0,48
bmi,2026_제주,20.0,20.5,56
bmi,2026_제주,20.5,21.0,71
bmi,2026_제주,21.0,21.5,64
bmi,2026_제주,21.5,22.0,68
bmi,2026_제주,22.0,22.5,77
bmi,2026_제주,22.5,23.0,64
bmi,2026_제주,23.0,23.5,85
bmi,2026_제주,23.5,24.0,75
bmi,2026_제주,24.0,24.5,69
bmi,2026_제주,24.5,25.0,70
bmi,2026_제주,25.0,25.5,61
bmi,2026_제주,25.5,26.0,61
bmi,2026_제주,26.0,26.5,55
bmi,2026_제주,26.5,27.0,59
bmi,2026_제주,27.0,27.5,41
bmi,2026_제주,27.5,28.0,38
bmi,2026_제주,28.0,28.5,41
bmi,2026_제주,28.5,29.0,32
bmi,2026_제주,29.0,29.5,26
bmi,2026_제주,29.5,30.0,30
bmi,2026_제주,30.0,30.5,22
bmi,2026_제주,30.5,31.0,23
bmi,2026_제주,31.0,31.5,23
bmi,2026_제주,31.5,32.0,24
bmi,2026_제주,32.0,32.5,18
bmi,2026_제주,32.5,33.0,15
bmi,2026_제주,33.0,33.5,12
bmi,2026_제주,33.5,34.0,14
bmi,2026_제주,34.0,34.5,16
bmi,2026_제주,34.5,35.0,7
height,2026_제주,154.0,155.0,2
height,2026_제주,155.0,156.0,0
height,2026_제주,156.0,157.0,2
height,2026_제주,157.0,158.0,0
height,2026_제주,158.0,159.0,7
height,2026_제주,159.0,160.0,5
height,2026_제주,160.0,161.0,4
height,2026_제주,161.0,162.0,9
height,2026_제주,162.0,163.0,8
height,2026_제주,163.0,164.0,18
height,2026_제주,164.0,165.0,28
height,2026_제주,165.0,166.0,30
height,2026_제주,166.0,167.0,59
height,2026_제주,167.0,168.0,47
height,2026_제주,168.0,169.0,62
height,2026_제주,169.0,170.0,67
height,2026_제주,170.0,171.0,101
height,2026_제주,171.0,172.0,88
height,2026_제주,172.0,173.0,102
height,2026_제주,173.0,174.0,88
height,2026_제주,174.0,175.0,96
height,2026_제주,175.0,176.0,102
height,2026_제주,176.0,177.0,92
height,2026_제주,177.0,178.0,82
height,2026_제주,178.0,179.0,70
height,2026_제주,179.0,180.0,57
height,2026_제주,180.0,181.0,50
height,2026_제주,181.0,182.0,46
height,2026_제주,182.0,183.0,36
height,2026_제주,183.0,184.0,31
height,2026_제주,184.0,185.0,19
height,2026_제주,185.0,186.0,5
height,2026_제주,186.0,187.0,9
height,2026_제주,187.0,188.0,5
height,2026_제주,188.0,189.0,3
height,2026_제주,189.0,190.0,2
height,2026_제주,190.0,191.0,1
height,2026_제주,191.0,192.0,1
height,2026_제주,192.0,193.0,0
height,2026_제주,193.0,194.0,1
weight,2026_제주,48.0,50.0,3
weight,2026_제주,50.0,52.0,2
weight,2026_제주,52.0,54.0,17
weight,2026_제주,54.0,56.0,22
weight,2026_제주,56.0,58.0,41
weight,2026_제주,58.0,60.0,51
weight,2026_제주,60.0,62.0,67
weight,2026_제주,62.0,64.0,92
weight,2026_제주,64.0,66.0,91
weight,2026_제주,66.0,68.0,83
weight,2026_제주,68.0,70.0,90
weight,2026_제주,70.0,72.0,100
weight,2026_제주,72.0,74.0,86
weight,2026_제주,74.0,76.0,78
weight,2026_제주,76.0,78.0,90
weight,2026_제주,78.0,80.0,76
weight,2026_제주,80.0,82.0,47
weight,2026_제주,82.0,84.0,52
weight,2026_제주,84.0,86.0,49
weight,2026_제주,86.0,88.0,51
weight,2026_제주,88.0,90.0,48
weight,2026_제주,90.0,92.0,31
weight,2026_제주,92.0,94.0,27
weight,2026_제주,94.0,96.0,26
weight,2026_제주,96.0,98.0,30
weight,2026_제주,98.0,100.0,19
weight,2026_제주,100.0,102.0,9
weight,2026_제주,102.0,104.0,13
weight,2026_제주,104.0,106.0,17
weight,2026_제주,106.0,108.0,8
weight,2026_제주,108.0,110.0,4
weight,2026_제주,110.0,112.0,7
weight,2026_제주,112.0,114.0,4
weight,2026_제주,114.0,116.0,3
weight,2026_제주,116.0,118.0,1
bmi,2026_충북,18.5,19.0,114
bmi,2026_충북,19.0,19.5,166
bmi,2026_충북,19.5,20.0,186
bmi,2026_충북,20.0,20.5,185
bmi,2026_충북,20.5,21.0,210
bmi,2026_충북,21.0,21.5,212
bmi,2026_충북,21.5,22.0,235
bmi,2026_충북,22.0,22.5,207
bmi,2026_충북,22.5,23.0,240
bmi,2026_충북,23.0,23.5,225
bmi,2026_충북,23.5,24.0,192
bmi,2026_충북,24.0,24.5,192
bmi,2026_충북,24.5,25.0,172
bmi,2026_충북,25.0,25.5,165
bmi,2026_충북,25.5,26.0,180
bmi,2026_충북,26.0,26.5,134
bmi,2026_충북,26.5,27.0,140
bmi,2026_충북,27.0,27.5,114
bmi,2026_충북,27.5,28.0,95
bmi,2026_충북,28.0,28.5,87
bmi,2026_충북,28.5,29.0,90
bmi,2026_충북,29.0,29.5,76
bmi,2026_충북,29.5,30.0,75
bmi,2026_충북,30.0,30.5,46
bmi,2026_충북,30.5,31.0,43
bmi,2026_충북,31.0,31.5,54
bmi,2026_충북,31.5,32.0,49
bmi,2026_충북,32.0,32.5,40
bmi,2026_충북,32.5,33.0,45
bmi,2026_충북,33.0,33.5,43
bmi,2026_충북,33.5,34.0,21
bmi,2026_충북,34.0,34.5,31
bmi,2026_충북,34.5,35.0,29
height,2026_충북,150.0,151.0,1
height,2026_충북,151.0,152.0,0
height,2026_충북,152.0,153.0,0
height,2026_충북,153.0,154.0,0
height,2026_충북,154.0,155.0,0
height,2026_충북,155.0,156.0,2
height,2026_충북,156.0,157.0,6
height,2026_충북,157.0,158.0,8
height,2026_충북,158.0,159.0,14
height,2026_충북,159.0,160.0,12
height,2026_충북,160.0,161.0,19
height,2026_충북,161.0,162.0,25
height,2026_충북,162.0,163.0,42
height,2026_충북,163.0,164.0,46
height,2026_충북,164.0,165.0,69
height,2026_충북,165.0,166.0,99
height,2026_충북,166.0,167.0,122
height,2026_충북,167.0,168.0,144
height,2026_충북,168.0,169.0,191
height,2026_충북,169.0,170.0,198
height,2026_충북,170.0,171.0,273
height,2026_충북,171.0,172.0,241
height,2026_충북,172.0,173.0,257
height,2026_충북,173.0,174.0,291
height,2026_충북,174.0,175.0,264
height,2026_충북,175.0,176.0,259
height,2026_충북,176.0,177.0,255
height,2026_충북,177.0,178.0,248
height,2026_충북,178.0,179.0,206
height,2026_충북,179.0,180.0,192
height,2026_충북,180.0,181.0,138
height,2026_충북,181.0,182.0,129
height,2026_충북,182.0,183.0,94
height,2026_충북,183.0,184.0,64
height,2026_충북,184.0,185.0,48
height,2026_충북,185.0,186.0,39
height,2026_충북,186.0,187.0,37
height,2026_충북,187.0,188.0,25
height,2026_충북,188.0,189.0,11
height,2026_충북,189.0,190.0,8
height,2026_충북,190.0,191.0,3
height,2026_충북,191.0,192.0,3
height,2026_충북,192.0,193.0,2
height,2026_충북,193.0,194.0,4
height,2026_충북,194.0,195.0,1
height,2026_충북,195.0,196.0,1
height,2026_충북,196.0,197.0,0
height,2026_충북,197.0,198.0,0
height,2026_충북,198.0,199.0,1
height,2026_충북,199.0,200.0,0
height,2026_충북,200.0,201.0,0
height,2026_충북,201.0,202.0,1
weight,2026_충북,44.0,46.0,1
weight,2026_충북,46.0,48.0,2
weight,2026_충북,48.0,50.0,13
weight,2026_충북,50.0,52.0,15
weight,2026_충북,52.0,54.0,53
weight,2026_충북,54.0,56.0,98
weight,2026_충북,56.0,58.0,140
weight,2026_충북,58.0,60.0,188
weight,2026_충북,60.0,62.0,249
weight,2026_충북,62.0,64.0,273
weight,2026_충북,64.0,66.0,274
weight,2026_충북,66.0,68.0,267
weight,2026_충북,68.0,70.0,255
weight,2026_충북,70.0,72.0,238
weight,2026_충북,72.0,74.0,238
weight,2026_충북,74.0,76.0,235
weight,2026_충북,76.0,78.0,209
weight,2026_충북,78.0,80.0,190
weight,2026_충북,80.0,82.0,168
weight,2026_충북,82.0,84.0,144
weight,2026_충북,84.0,86.0,126
weight,2026_충북,86.0,88.0,100
weight,2026_충북,88.0,90.0,91
weight,2026_충북,90.0,92.0,89
weight,2026_충북,92.0,94.0,59
weight,2026_충북,94.0,96.0,73
weight,2026_충북,96.0,98.0,66
weight,2026_충북,98.0,100.0,53
weight,2026_충북,100.0,102.0,39
weight,2026_충북,102.0,104.0,32
weight,2026_충북,104.0,106.0,36
weight,2026_충북,106.0,108.0,18
weight,2026_충북,108.0,110.0,22
weight,2026_충북,110.0,112.0,13
weight,2026_충북,112.0,114.0,6
weight,2026_충북,114.0,116.0,7
weight,2026_충북,116.0,118.0,6
weight,2026_충북,118.0,120.0,2
weight,2026_충북,120.0,122.0,3
weight,2026_충북,122.0,124.0,1
weight,2026_충북,124.0,126.0,1
